[
  {
    "position": {
      "X": 0,
      "Y": 0
    },
    "edgeList": [
      {
        "targetIdx": 1,
        "weight": 3,
        "count": 1
      },
      {
        "targetIdx": 3,
        "weight": 1,
        "count": 1
      }
    ]
  },
  {
    "position": {
      "X": 1,
      "Y": 0
    },
    "edgeList": [
      {
        "targetIdx": 0,
        "weight": 3,
        "count": 1
      },
      {
        "targetIdx": 2,
        "weight": 5,
        "count": 1
      },
      {
        "targetIdx": 3,
        "weight": 2,
        "count": 1
      }
    ]
  },
  {
    "position": {
      "X": 1,
      "Y": 1
    },
    "edgeList": [
      {
        "targetIdx": 1,
        "weight": 5,
        "count": 1
      },
      {
        "targetIdx": 3,
        "weight": 6,
        "count": 1
      }
    ]
  },
  {
    "position": {
      "X": 0,
      "Y": 1
    },
    "edgeList": [
      {
        "targetIdx": 2,
        "weight": 6,
        "count": 1
      },
      {
        "targetIdx": 0,
        "weight": 1,
        "count": 1
      },
      {
        "targetIdx": 1,
        "weight": 2,
        "count": 1
      }
    ]
  }
]
