[
  {
    "position": {
      "X": 0.8973391664152953,
      "Y": 0.6400497770553919
    },
    "edgeList": [
      {
        "targetIdx": 2,
        "weight": 10,
        "count": 1
      },
      {
        "targetIdx": 5,
        "weight": 12,
        "count": 1
      },
      {
        "targetIdx": 13,
        "weight": 19,
        "count": 1
      },
      {
        "targetIdx": 15,
        "weight": 26,
        "count": 1
      },
      {
        "targetIdx": 21,
        "weight": 30,
        "count": 1
      },
      {
        "targetIdx": 27,
        "weight": 22,
        "count": 1
      },
      {
        "targetIdx": 40,
        "weight": 19,
        "count": 1
      },
      {
        "targetIdx": 48,
        "weight": 17,
        "count": 1
      },
      {
        "targetIdx": 49,
        "weight": 16,
        "count": 1
      },
      {
        "targetIdx": 78,
        "weight": 16,
        "count": 1
      },
      {
        "targetIdx": 87,
        "weight": 12,
        "count": 1
      },
      {
        "targetIdx": 88,
        "weight": 25,
        "count": 1
      },
      {
        "targetIdx": 90,
        "weight": 30,
        "count": 1
      }
    ]
  },
  {
    "position": {
      "X": 0.17900778942306395,
      "Y": 0.814718001698935
    },
    "edgeList": [
      {
        "targetIdx": 13,
        "weight": 18,
        "count": 1
      },
      {
        "targetIdx": 27,
        "weight": 27,
        "count": 1
      },
      {
        "targetIdx": 38,
        "weight": 23,
        "count": 1
      },
      {
        "targetIdx": 49,
        "weight": 15,
        "count": 1
      },
      {
        "targetIdx": 83,
        "weight": 12,
        "count": 1
      },
      {
        "targetIdx": 89,
        "weight": 18,
        "count": 1
      }
    ]
  },
  {
    "position": {
      "X": 0.5144901520121826,
      "Y": 0.5124633279981121
    },
    "edgeList": [
      {
        "targetIdx": 0,
        "weight": 10,
        "count": 1
      },
      {
        "targetIdx": 8,
        "weight": 14,
        "count": 1
      },
      {
        "targetIdx": 10,
        "weight": 11,
        "count": 1
      },
      {
        "targetIdx": 26,
        "weight": 21,
        "count": 1
      },
      {
        "targetIdx": 30,
        "weight": 26,
        "count": 1
      },
      {
        "targetIdx": 32,
        "weight": 16,
        "count": 1
      },
      {
        "targetIdx": 52,
        "weight": 19,
        "count": 1
      },
      {
        "targetIdx": 58,
        "weight": 22,
        "count": 1
      },
      {
        "targetIdx": 67,
        "weight": 13,
        "count": 1
      },
      {
        "targetIdx": 71,
        "weight": 17,
        "count": 1
      },
      {
        "targetIdx": 76,
        "weight": 10,
        "count": 1
      },
      {
        "targetIdx": 81,
        "weight": 21,
        "count": 1
      },
      {
        "targetIdx": 87,
        "weight": 19,
        "count": 1
      },
      {
        "targetIdx": 93,
        "weight": 19,
        "count": 1
      }
    ]
  },
  {
    "position": {
      "X": 0.006691647924591648,
      "Y": 0.16780395358142575
    },
    "edgeList": [
      {
        "targetIdx": 34,
        "weight": 12,
        "count": 1
      },
      {
        "targetIdx": 45,
        "weight": 20,
        "count": 1
      },
      {
        "targetIdx": 63,
        "weight": 18,
        "count": 1
      },
      {
        "targetIdx": 95,
        "weight": 23,
        "count": 1
      }
    ]
  },
  {
    "position": {
      "X": 0.3000419032170055,
      "Y": 0.09804210804181201
    },
    "edgeList": [
      {
        "targetIdx": 10,
        "weight": 21,
        "count": 1
      },
      {
        "targetIdx": 11,
        "weight": 28,
        "count": 1
      },
      {
        "targetIdx": 19,
        "weight": 28,
        "count": 1
      },
      {
        "targetIdx": 23,
        "weight": 25,
        "count": 1
      },
      {
        "targetIdx": 28,
        "weight": 28,
        "count": 1
      },
      {
        "targetIdx": 56,
        "weight": 10,
        "count": 1
      },
      {
        "targetIdx": 64,
        "weight": 23,
        "count": 1
      },
      {
        "targetIdx": 71,
        "weight": 16,
        "count": 1
      },
      {
        "targetIdx": 95,
        "weight": 28,
        "count": 1
      }
    ]
  },
  {
    "position": {
      "X": 0.6943041406676087,
      "Y": 0.9857593227156349
    },
    "edgeList": [
      {
        "targetIdx": 0,
        "weight": 12,
        "count": 1
      },
      {
        "targetIdx": 52,
        "weight": 11,
        "count": 1
      },
      {
        "targetIdx": 59,
        "weight": 16,
        "count": 1
      },
      {
        "targetIdx": 62,
        "weight": 26,
        "count": 1
      },
      {
        "targetIdx": 70,
        "weight": 24,
        "count": 1
      },
      {
        "targetIdx": 84,
        "weight": 25,
        "count": 1
      },
      {
        "targetIdx": 96,
        "weight": 23,
        "count": 1
      }
    ]
  },
  {
    "position": {
      "X": 0.7927019305377447,
      "Y": 0.479812651047104
    },
    "edgeList": [
      {
        "targetIdx": 10,
        "weight": 16,
        "count": 1
      },
      {
        "targetIdx": 17,
        "weight": 27,
        "count": 1
      },
      {
        "targetIdx": 39,
        "weight": 12,
        "count": 1
      },
      {
        "targetIdx": 44,
        "weight": 30,
        "count": 1
      },
      {
        "targetIdx": 54,
        "weight": 24,
        "count": 1
      },
      {
        "targetIdx": 59,
        "weight": 23,
        "count": 1
      },
      {
        "targetIdx": 70,
        "weight": 30,
        "count": 1
      },
      {
        "targetIdx": 73,
        "weight": 28,
        "count": 1
      },
      {
        "targetIdx": 75,
        "weight": 20,
        "count": 1
      }
    ]
  },
  {
    "position": {
      "X": 0.4932488731224568,
      "Y": 0.755380955962386
    },
    "edgeList": [
      {
        "targetIdx": 9,
        "weight": 14,
        "count": 1
      },
      {
        "targetIdx": 11,
        "weight": 17,
        "count": 1
      },
      {
        "targetIdx": 52,
        "weight": 22,
        "count": 1
      },
      {
        "targetIdx": 66,
        "weight": 11,
        "count": 1
      },
      {
        "targetIdx": 83,
        "weight": 19,
        "count": 1
      },
      {
        "targetIdx": 96,
        "weight": 14,
        "count": 1
      }
    ]
  },
  {
    "position": {
      "X": 0.11473246406204418,
      "Y": 0.603898881054364
    },
    "edgeList": [
      {
        "targetIdx": 2,
        "weight": 14,
        "count": 1
      },
      {
        "targetIdx": 13,
        "weight": 20,
        "count": 1
      },
      {
        "targetIdx": 20,
        "weight": 30,
        "count": 1
      },
      {
        "targetIdx": 49,
        "weight": 18,
        "count": 1
      },
      {
        "targetIdx": 63,
        "weight": 29,
        "count": 1
      },
      {
        "targetIdx": 69,
        "weight": 25,
        "count": 1
      },
      {
        "targetIdx": 74,
        "weight": 26,
        "count": 1
      },
      {
        "targetIdx": 85,
        "weight": 13,
        "count": 1
      },
      {
        "targetIdx": 92,
        "weight": 24,
        "count": 1
      }
    ]
  },
  {
    "position": {
      "X": 0.6260458860957431,
      "Y": 0.1369677072975649
    },
    "edgeList": [
      {
        "targetIdx": 7,
        "weight": 14,
        "count": 1
      },
      {
        "targetIdx": 23,
        "weight": 20,
        "count": 1
      },
      {
        "targetIdx": 33,
        "weight": 25,
        "count": 1
      },
      {
        "targetIdx": 37,
        "weight": 29,
        "count": 1
      },
      {
        "targetIdx": 41,
        "weight": 13,
        "count": 1
      },
      {
        "targetIdx": 45,
        "weight": 24,
        "count": 1
      },
      {
        "targetIdx": 48,
        "weight": 19,
        "count": 1
      },
      {
        "targetIdx": 51,
        "weight": 17,
        "count": 1
      },
      {
        "targetIdx": 59,
        "weight": 14,
        "count": 1
      },
      {
        "targetIdx": 75,
        "weight": 10,
        "count": 1
      },
      {
        "targetIdx": 93,
        "weight": 11,
        "count": 1
      }
    ]
  },
  {
    "position": {
      "X": 0.4072333256200429,
      "Y": 0.6997149090020397
    },
    "edgeList": [
      {
        "targetIdx": 2,
        "weight": 11,
        "count": 1
      },
      {
        "targetIdx": 4,
        "weight": 21,
        "count": 1
      },
      {
        "targetIdx": 6,
        "weight": 16,
        "count": 1
      },
      {
        "targetIdx": 29,
        "weight": 28,
        "count": 1
      },
      {
        "targetIdx": 40,
        "weight": 30,
        "count": 1
      },
      {
        "targetIdx": 42,
        "weight": 19,
        "count": 1
      },
      {
        "targetIdx": 69,
        "weight": 14,
        "count": 1
      },
      {
        "targetIdx": 80,
        "weight": 23,
        "count": 1
      },
      {
        "targetIdx": 87,
        "weight": 15,
        "count": 1
      },
      {
        "targetIdx": 88,
        "weight": 20,
        "count": 1
      }
    ]
  },
  {
    "position": {
      "X": 0.39823557992060465,
      "Y": 0.15124297831134137
    },
    "edgeList": [
      {
        "targetIdx": 4,
        "weight": 28,
        "count": 1
      },
      {
        "targetIdx": 7,
        "weight": 17,
        "count": 1
      },
      {
        "targetIdx": 17,
        "weight": 26,
        "count": 1
      },
      {
        "targetIdx": 23,
        "weight": 18,
        "count": 1
      },
      {
        "targetIdx": 34,
        "weight": 16,
        "count": 1
      },
      {
        "targetIdx": 45,
        "weight": 10,
        "count": 1
      },
      {
        "targetIdx": 95,
        "weight": 27,
        "count": 1
      }
    ]
  },
  {
    "position": {
      "X": 0.4784473748157656,
      "Y": 0.15570665856983212
    },
    "edgeList": [
      {
        "targetIdx": 24,
        "weight": 23,
        "count": 1
      },
      {
        "targetIdx": 44,
        "weight": 16,
        "count": 1
      },
      {
        "targetIdx": 59,
        "weight": 26,
        "count": 1
      },
      {
        "targetIdx": 61,
        "weight": 30,
        "count": 1
      },
      {
        "targetIdx": 73,
        "weight": 17,
        "count": 1
      },
      {
        "targetIdx": 97,
        "weight": 25,
        "count": 1
      }
    ]
  },
  {
    "position": {
      "X": 0.20010549408444334,
      "Y": 0.3505169756213983
    },
    "edgeList": [
      {
        "targetIdx": 0,
        "weight": 19,
        "count": 1
      },
      {
        "targetIdx": 1,
        "weight": 18,
        "count": 1
      },
      {
        "targetIdx": 8,
        "weight": 20,
        "count": 1
      },
      {
        "targetIdx": 15,
        "weight": 22,
        "count": 1
      },
      {
        "targetIdx": 18,
        "weight": 16,
        "count": 1
      },
      {
        "targetIdx": 19,
        "weight": 27,
        "count": 1
      },
      {
        "targetIdx": 20,
        "weight": 11,
        "count": 1
      },
      {
        "targetIdx": 23,
        "weight": 11,
        "count": 1
      },
      {
        "targetIdx": 35,
        "weight": 25,
        "count": 1
      },
      {
        "targetIdx": 37,
        "weight": 13,
        "count": 1
      },
      {
        "targetIdx": 44,
        "weight": 27,
        "count": 1
      },
      {
        "targetIdx": 83,
        "weight": 13,
        "count": 1
      },
      {
        "targetIdx": 94,
        "weight": 15,
        "count": 1
      },
      {
        "targetIdx": 95,
        "weight": 27,
        "count": 1
      }
    ]
  },
  {
    "position": {
      "X": 0.4217605456375755,
      "Y": 0.8433015433790192
    },
    "edgeList": [
      {
        "targetIdx": 24,
        "weight": 19,
        "count": 1
      },
      {
        "targetIdx": 26,
        "weight": 20,
        "count": 1
      },
      {
        "targetIdx": 61,
        "weight": 10,
        "count": 1
      },
      {
        "targetIdx": 86,
        "weight": 12,
        "count": 1
      }
    ]
  },
  {
    "position": {
      "X": 0.9625281751739563,
      "Y": 0.6217931727384529
    },
    "edgeList": [
      {
        "targetIdx": 0,
        "weight": 26,
        "count": 1
      },
      {
        "targetIdx": 13,
        "weight": 22,
        "count": 1
      },
      {
        "targetIdx": 36,
        "weight": 29,
        "count": 1
      },
      {
        "targetIdx": 39,
        "weight": 14,
        "count": 1
      },
      {
        "targetIdx": 79,
        "weight": 29,
        "count": 1
      },
      {
        "targetIdx": 98,
        "weight": 20,
        "count": 1
      }
    ]
  },
  {
    "position": {
      "X": 0.9196761984513426,
      "Y": 0.9779937942026572
    },
    "edgeList": [
      {
        "targetIdx": 79,
        "weight": 17,
        "count": 1
      },
      {
        "targetIdx": 84,
        "weight": 10,
        "count": 1
      },
      {
        "targetIdx": 94,
        "weight": 16,
        "count": 1
      },
      {
        "targetIdx": 97,
        "weight": 16,
        "count": 1
      }
    ]
  },
  {
    "position": {
      "X": 0.7204850300207527,
      "Y": 0.2077232257748438
    },
    "edgeList": [
      {
        "targetIdx": 6,
        "weight": 27,
        "count": 1
      },
      {
        "targetIdx": 11,
        "weight": 26,
        "count": 1
      },
      {
        "targetIdx": 19,
        "weight": 12,
        "count": 1
      },
      {
        "targetIdx": 32,
        "weight": 22,
        "count": 1
      },
      {
        "targetIdx": 39,
        "weight": 26,
        "count": 1
      },
      {
        "targetIdx": 48,
        "weight": 11,
        "count": 1
      },
      {
        "targetIdx": 49,
        "weight": 23,
        "count": 1
      },
      {
        "targetIdx": 64,
        "weight": 28,
        "count": 1
      },
      {
        "targetIdx": 66,
        "weight": 29,
        "count": 1
      },
      {
        "targetIdx": 73,
        "weight": 11,
        "count": 1
      },
      {
        "targetIdx": 82,
        "weight": 23,
        "count": 1
      },
      {
        "targetIdx": 86,
        "weight": 22,
        "count": 1
      },
      {
        "targetIdx": 87,
        "weight": 18,
        "count": 1
      },
      {
        "targetIdx": 95,
        "weight": 18,
        "count": 1
      }
    ]
  },
  {
    "position": {
      "X": 0.19377778344458207,
      "Y": 0.16890483818266633
    },
    "edgeList": [
      {
        "targetIdx": 13,
        "weight": 16,
        "count": 1
      },
      {
        "targetIdx": 23,
        "weight": 25,
        "count": 1
      },
      {
        "targetIdx": 28,
        "weight": 17,
        "count": 1
      },
      {
        "targetIdx": 45,
        "weight": 29,
        "count": 1
      },
      {
        "targetIdx": 50,
        "weight": 12,
        "count": 1
      },
      {
        "targetIdx": 51,
        "weight": 23,
        "count": 1
      },
      {
        "targetIdx": 56,
        "weight": 22,
        "count": 1
      },
      {
        "targetIdx": 63,
        "weight": 29,
        "count": 1
      },
      {
        "targetIdx": 70,
        "weight": 11,
        "count": 1
      }
    ]
  },
  {
    "position": {
      "X": 0.2959066920994261,
      "Y": 0.18024953081233885
    },
    "edgeList": [
      {
        "targetIdx": 4,
        "weight": 28,
        "count": 1
      },
      {
        "targetIdx": 13,
        "weight": 27,
        "count": 1
      },
      {
        "targetIdx": 17,
        "weight": 12,
        "count": 1
      },
      {
        "targetIdx": 25,
        "weight": 11,
        "count": 1
      },
      {
        "targetIdx": 35,
        "weight": 20,
        "count": 1
      },
      {
        "targetIdx": 42,
        "weight": 26,
        "count": 1
      },
      {
        "targetIdx": 45,
        "weight": 14,
        "count": 1
      },
      {
        "targetIdx": 53,
        "weight": 28,
        "count": 1
      },
      {
        "targetIdx": 67,
        "weight": 18,
        "count": 1
      }
    ]
  },
  {
    "position": {
      "X": 0.04860592758446447,
      "Y": 0.6494156987161619
    },
    "edgeList": [
      {
        "targetIdx": 8,
        "weight": 30,
        "count": 1
      },
      {
        "targetIdx": 13,
        "weight": 11,
        "count": 1
      },
      {
        "targetIdx": 63,
        "weight": 13,
        "count": 1
      },
      {
        "targetIdx": 66,
        "weight": 24,
        "count": 1
      },
      {
        "targetIdx": 74,
        "weight": 22,
        "count": 1
      },
      {
        "targetIdx": 85,
        "weight": 22,
        "count": 1
      },
      {
        "targetIdx": 89,
        "weight": 11,
        "count": 1
      }
    ]
  },
  {
    "position": {
      "X": 0.6922267497790154,
      "Y": 0.712739005462567
    },
    "edgeList": [
      {
        "targetIdx": 0,
        "weight": 30,
        "count": 1
      },
      {
        "targetIdx": 32,
        "weight": 16,
        "count": 1
      },
      {
        "targetIdx": 62,
        "weight": 23,
        "count": 1
      },
      {
        "targetIdx": 64,
        "weight": 28,
        "count": 1
      },
      {
        "targetIdx": 79,
        "weight": 14,
        "count": 1
      },
      {
        "targetIdx": 81,
        "weight": 11,
        "count": 1
      },
      {
        "targetIdx": 83,
        "weight": 13,
        "count": 1
      }
    ]
  },
  {
    "position": {
      "X": 0.5658606674987601,
      "Y": 0.08449667402041905
    },
    "edgeList": [
      {
        "targetIdx": 23,
        "weight": 13,
        "count": 1
      },
      {
        "targetIdx": 30,
        "weight": 29,
        "count": 1
      },
      {
        "targetIdx": 34,
        "weight": 25,
        "count": 1
      },
      {
        "targetIdx": 47,
        "weight": 13,
        "count": 1
      },
      {
        "targetIdx": 54,
        "weight": 23,
        "count": 1
      },
      {
        "targetIdx": 72,
        "weight": 15,
        "count": 1
      }
    ]
  },
  {
    "position": {
      "X": 0.4071248615618791,
      "Y": 0.2602518677554758
    },
    "edgeList": [
      {
        "targetIdx": 4,
        "weight": 25,
        "count": 1
      },
      {
        "targetIdx": 9,
        "weight": 20,
        "count": 1
      },
      {
        "targetIdx": 11,
        "weight": 18,
        "count": 1
      },
      {
        "targetIdx": 13,
        "weight": 11,
        "count": 1
      },
      {
        "targetIdx": 18,
        "weight": 25,
        "count": 1
      },
      {
        "targetIdx": 22,
        "weight": 13,
        "count": 1
      },
      {
        "targetIdx": 29,
        "weight": 11,
        "count": 1
      },
      {
        "targetIdx": 33,
        "weight": 22,
        "count": 1
      },
      {
        "targetIdx": 47,
        "weight": 18,
        "count": 1
      },
      {
        "targetIdx": 52,
        "weight": 28,
        "count": 1
      },
      {
        "targetIdx": 62,
        "weight": 10,
        "count": 1
      },
      {
        "targetIdx": 66,
        "weight": 25,
        "count": 1
      },
      {
        "targetIdx": 91,
        "weight": 16,
        "count": 1
      }
    ]
  },
  {
    "position": {
      "X": 0.6604727172349826,
      "Y": 0.2907327088520719
    },
    "edgeList": [
      {
        "targetIdx": 12,
        "weight": 23,
        "count": 1
      },
      {
        "targetIdx": 14,
        "weight": 19,
        "count": 1
      },
      {
        "targetIdx": 64,
        "weight": 18,
        "count": 1
      },
      {
        "targetIdx": 69,
        "weight": 13,
        "count": 1
      },
      {
        "targetIdx": 72,
        "weight": 10,
        "count": 1
      },
      {
        "targetIdx": 87,
        "weight": 24,
        "count": 1
      }
    ]
  },
  {
    "position": {
      "X": 0.0397407411548063,
      "Y": 0.046343774769535884
    },
    "edgeList": [
      {
        "targetIdx": 19,
        "weight": 11,
        "count": 1
      },
      {
        "targetIdx": 54,
        "weight": 28,
        "count": 1
      },
      {
        "targetIdx": 71,
        "weight": 20,
        "count": 1
      }
    ]
  },
  {
    "position": {
      "X": 0.27625417200675384,
      "Y": 0.8790371590935612
    },
    "edgeList": [
      {
        "targetIdx": 2,
        "weight": 21,
        "count": 1
      },
      {
        "targetIdx": 14,
        "weight": 20,
        "count": 1
      },
      {
        "targetIdx": 65,
        "weight": 27,
        "count": 1
      },
      {
        "targetIdx": 77,
        "weight": 23,
        "count": 1
      },
      {
        "targetIdx": 81,
        "weight": 19,
        "count": 1
      },
      {
        "targetIdx": 85,
        "weight": 17,
        "count": 1
      },
      {
        "targetIdx": 92,
        "weight": 11,
        "count": 1
      },
      {
        "targetIdx": 94,
        "weight": 14,
        "count": 1
      }
    ]
  },
  {
    "position": {
      "X": 0.5011979201878948,
      "Y": 0.761232981461424
    },
    "edgeList": [
      {
        "targetIdx": 0,
        "weight": 22,
        "count": 1
      },
      {
        "targetIdx": 1,
        "weight": 27,
        "count": 1
      },
      {
        "targetIdx": 46,
        "weight": 24,
        "count": 1
      },
      {
        "targetIdx": 66,
        "weight": 19,
        "count": 1
      },
      {
        "targetIdx": 88,
        "weight": 21,
        "count": 1
      }
    ]
  },
  {
    "position": {
      "X": 0.13197490469898154,
      "Y": 0.2264458508325744
    },
    "edgeList": [
      {
        "targetIdx": 4,
        "weight": 28,
        "count": 1
      },
      {
        "targetIdx": 18,
        "weight": 17,
        "count": 1
      },
      {
        "targetIdx": 72,
        "weight": 21,
        "count": 1
      }
    ]
  },
  {
    "position": {
      "X": 0.33877067554992424,
      "Y": 0.09550157426683192
    },
    "edgeList": [
      {
        "targetIdx": 10,
        "weight": 28,
        "count": 1
      },
      {
        "targetIdx": 23,
        "weight": 11,
        "count": 1
      },
      {
        "targetIdx": 44,
        "weight": 25,
        "count": 1
      }
    ]
  },
  {
    "position": {
      "X": 0.8568285079426874,
      "Y": 0.11283955265602075
    },
    "edgeList": [
      {
        "targetIdx": 2,
        "weight": 26,
        "count": 1
      },
      {
        "targetIdx": 22,
        "weight": 29,
        "count": 1
      },
      {
        "targetIdx": 33,
        "weight": 27,
        "count": 1
      },
      {
        "targetIdx": 48,
        "weight": 12,
        "count": 1
      },
      {
        "targetIdx": 73,
        "weight": 20,
        "count": 1
      },
      {
        "targetIdx": 78,
        "weight": 11,
        "count": 1
      }
    ]
  },
  {
    "position": {
      "X": 0.9812193458019965,
      "Y": 0.6248057906979808
    },
    "edgeList": [
      {
        "targetIdx": 55,
        "weight": 14,
        "count": 1
      },
      {
        "targetIdx": 79,
        "weight": 28,
        "count": 1
      },
      {
        "targetIdx": 86,
        "weight": 19,
        "count": 1
      },
      {
        "targetIdx": 98,
        "weight": 12,
        "count": 1
      }
    ]
  },
  {
    "position": {
      "X": 0.5622317403493537,
      "Y": 0.49953046601738493
    },
    "edgeList": [
      {
        "targetIdx": 2,
        "weight": 16,
        "count": 1
      },
      {
        "targetIdx": 17,
        "weight": 22,
        "count": 1
      },
      {
        "targetIdx": 21,
        "weight": 16,
        "count": 1
      },
      {
        "targetIdx": 33,
        "weight": 22,
        "count": 1
      },
      {
        "targetIdx": 54,
        "weight": 16,
        "count": 1
      },
      {
        "targetIdx": 83,
        "weight": 14,
        "count": 1
      },
      {
        "targetIdx": 86,
        "weight": 24,
        "count": 1
      },
      {
        "targetIdx": 92,
        "weight": 11,
        "count": 1
      },
      {
        "targetIdx": 95,
        "weight": 15,
        "count": 1
      }
    ]
  },
  {
    "position": {
      "X": 0.8113661626899348,
      "Y": 0.03367283445907976
    },
    "edgeList": [
      {
        "targetIdx": 9,
        "weight": 25,
        "count": 1
      },
      {
        "targetIdx": 23,
        "weight": 22,
        "count": 1
      },
      {
        "targetIdx": 30,
        "weight": 27,
        "count": 1
      },
      {
        "targetIdx": 32,
        "weight": 22,
        "count": 1
      },
      {
        "targetIdx": 37,
        "weight": 10,
        "count": 1
      },
      {
        "targetIdx": 66,
        "weight": 28,
        "count": 1
      },
      {
        "targetIdx": 75,
        "weight": 19,
        "count": 1
      },
      {
        "targetIdx": 77,
        "weight": 23,
        "count": 1
      }
    ]
  },
  {
    "position": {
      "X": 0.4812288916758196,
      "Y": 0.16320972051004712
    },
    "edgeList": [
      {
        "targetIdx": 3,
        "weight": 12,
        "count": 1
      },
      {
        "targetIdx": 11,
        "weight": 16,
        "count": 1
      },
      {
        "targetIdx": 22,
        "weight": 25,
        "count": 1
      },
      {
        "targetIdx": 35,
        "weight": 17,
        "count": 1
      },
      {
        "targetIdx": 43,
        "weight": 13,
        "count": 1
      },
      {
        "targetIdx": 48,
        "weight": 10,
        "count": 1
      },
      {
        "targetIdx": 93,
        "weight": 23,
        "count": 1
      },
      {
        "targetIdx": 95,
        "weight": 19,
        "count": 1
      },
      {
        "targetIdx": 99,
        "weight": 19,
        "count": 1
      }
    ]
  },
  {
    "position": {
      "X": 0.36437619508629515,
      "Y": 0.06578380646341919
    },
    "edgeList": [
      {
        "targetIdx": 13,
        "weight": 25,
        "count": 1
      },
      {
        "targetIdx": 19,
        "weight": 20,
        "count": 1
      },
      {
        "targetIdx": 34,
        "weight": 17,
        "count": 1
      },
      {
        "targetIdx": 71,
        "weight": 30,
        "count": 1
      },
      {
        "targetIdx": 87,
        "weight": 23,
        "count": 1
      }
    ]
  },
  {
    "position": {
      "X": 0.6248535434452746,
      "Y": 0.4607996071465714
    },
    "edgeList": [
      {
        "targetIdx": 15,
        "weight": 29,
        "count": 1
      },
      {
        "targetIdx": 41,
        "weight": 16,
        "count": 1
      },
      {
        "targetIdx": 58,
        "weight": 16,
        "count": 1
      },
      {
        "targetIdx": 62,
        "weight": 12,
        "count": 1
      },
      {
        "targetIdx": 63,
        "weight": 17,
        "count": 1
      }
    ]
  },
  {
    "position": {
      "X": 0.7684071302107318,
      "Y": 0.04049741312629174
    },
    "edgeList": [
      {
        "targetIdx": 9,
        "weight": 29,
        "count": 1
      },
      {
        "targetIdx": 13,
        "weight": 13,
        "count": 1
      },
      {
        "targetIdx": 33,
        "weight": 10,
        "count": 1
      },
      {
        "targetIdx": 48,
        "weight": 21,
        "count": 1
      },
      {
        "targetIdx": 73,
        "weight": 21,
        "count": 1
      },
      {
        "targetIdx": 75,
        "weight": 18,
        "count": 1
      },
      {
        "targetIdx": 82,
        "weight": 12,
        "count": 1
      }
    ]
  },
  {
    "position": {
      "X": 0.09355677455719036,
      "Y": 0.8164278613788355
    },
    "edgeList": [
      {
        "targetIdx": 1,
        "weight": 23,
        "count": 1
      },
      {
        "targetIdx": 40,
        "weight": 18,
        "count": 1
      },
      {
        "targetIdx": 44,
        "weight": 30,
        "count": 1
      },
      {
        "targetIdx": 52,
        "weight": 21,
        "count": 1
      },
      {
        "targetIdx": 56,
        "weight": 26,
        "count": 1
      },
      {
        "targetIdx": 58,
        "weight": 18,
        "count": 1
      },
      {
        "targetIdx": 77,
        "weight": 29,
        "count": 1
      },
      {
        "targetIdx": 83,
        "weight": 27,
        "count": 1
      },
      {
        "targetIdx": 88,
        "weight": 26,
        "count": 1
      }
    ]
  },
  {
    "position": {
      "X": 0.771171089785313,
      "Y": 0.2923936633383475
    },
    "edgeList": [
      {
        "targetIdx": 6,
        "weight": 12,
        "count": 1
      },
      {
        "targetIdx": 15,
        "weight": 14,
        "count": 1
      },
      {
        "targetIdx": 17,
        "weight": 26,
        "count": 1
      },
      {
        "targetIdx": 55,
        "weight": 15,
        "count": 1
      },
      {
        "targetIdx": 62,
        "weight": 28,
        "count": 1
      },
      {
        "targetIdx": 68,
        "weight": 15,
        "count": 1
      },
      {
        "targetIdx": 79,
        "weight": 26,
        "count": 1
      }
    ]
  },
  {
    "position": {
      "X": 0.979341690298956,
      "Y": 0.6953943198331194
    },
    "edgeList": [
      {
        "targetIdx": 0,
        "weight": 19,
        "count": 1
      },
      {
        "targetIdx": 10,
        "weight": 30,
        "count": 1
      },
      {
        "targetIdx": 38,
        "weight": 18,
        "count": 1
      },
      {
        "targetIdx": 72,
        "weight": 22,
        "count": 1
      },
      {
        "targetIdx": 84,
        "weight": 28,
        "count": 1
      }
    ]
  },
  {
    "position": {
      "X": 0.9811720652755157,
      "Y": 0.0697033383695097
    },
    "edgeList": [
      {
        "targetIdx": 9,
        "weight": 13,
        "count": 1
      },
      {
        "targetIdx": 36,
        "weight": 16,
        "count": 1
      },
      {
        "targetIdx": 56,
        "weight": 22,
        "count": 1
      },
      {
        "targetIdx": 57,
        "weight": 19,
        "count": 1
      },
      {
        "targetIdx": 95,
        "weight": 10,
        "count": 1
      }
    ]
  },
  {
    "position": {
      "X": 0.5014878637949861,
      "Y": 0.39249963973873514
    },
    "edgeList": [
      {
        "targetIdx": 10,
        "weight": 19,
        "count": 1
      },
      {
        "targetIdx": 19,
        "weight": 26,
        "count": 1
      },
      {
        "targetIdx": 48,
        "weight": 12,
        "count": 1
      },
      {
        "targetIdx": 52,
        "weight": 12,
        "count": 1
      },
      {
        "targetIdx": 62,
        "weight": 15,
        "count": 1
      },
      {
        "targetIdx": 67,
        "weight": 22,
        "count": 1
      },
      {
        "targetIdx": 86,
        "weight": 10,
        "count": 1
      },
      {
        "targetIdx": 87,
        "weight": 14,
        "count": 1
      }
    ]
  },
  {
    "position": {
      "X": 0.7506306776006157,
      "Y": 0.04621349862280244
    },
    "edgeList": [
      {
        "targetIdx": 34,
        "weight": 13,
        "count": 1
      },
      {
        "targetIdx": 64,
        "weight": 18,
        "count": 1
      },
      {
        "targetIdx": 67,
        "weight": 25,
        "count": 1
      },
      {
        "targetIdx": 68,
        "weight": 28,
        "count": 1
      },
      {
        "targetIdx": 69,
        "weight": 12,
        "count": 1
      },
      {
        "targetIdx": 73,
        "weight": 13,
        "count": 1
      },
      {
        "targetIdx": 75,
        "weight": 11,
        "count": 1
      }
    ]
  },
  {
    "position": {
      "X": 0.2647515296784122,
      "Y": 0.5996592336746961
    },
    "edgeList": [
      {
        "targetIdx": 6,
        "weight": 30,
        "count": 1
      },
      {
        "targetIdx": 12,
        "weight": 16,
        "count": 1
      },
      {
        "targetIdx": 13,
        "weight": 27,
        "count": 1
      },
      {
        "targetIdx": 29,
        "weight": 25,
        "count": 1
      },
      {
        "targetIdx": 38,
        "weight": 30,
        "count": 1
      },
      {
        "targetIdx": 47,
        "weight": 21,
        "count": 1
      },
      {
        "targetIdx": 54,
        "weight": 28,
        "count": 1
      },
      {
        "targetIdx": 69,
        "weight": 30,
        "count": 1
      },
      {
        "targetIdx": 83,
        "weight": 16,
        "count": 1
      },
      {
        "targetIdx": 97,
        "weight": 28,
        "count": 1
      }
    ]
  },
  {
    "position": {
      "X": 0.39872491202831295,
      "Y": 0.0004141915836296528
    },
    "edgeList": [
      {
        "targetIdx": 3,
        "weight": 20,
        "count": 1
      },
      {
        "targetIdx": 9,
        "weight": 24,
        "count": 1
      },
      {
        "targetIdx": 11,
        "weight": 10,
        "count": 1
      },
      {
        "targetIdx": 18,
        "weight": 29,
        "count": 1
      },
      {
        "targetIdx": 19,
        "weight": 14,
        "count": 1
      },
      {
        "targetIdx": 53,
        "weight": 20,
        "count": 1
      },
      {
        "targetIdx": 57,
        "weight": 13,
        "count": 1
      },
      {
        "targetIdx": 65,
        "weight": 17,
        "count": 1
      },
      {
        "targetIdx": 66,
        "weight": 19,
        "count": 1
      }
    ]
  },
  {
    "position": {
      "X": 0.1770050776725488,
      "Y": 0.6807519237012014
    },
    "edgeList": [
      {
        "targetIdx": 27,
        "weight": 24,
        "count": 1
      },
      {
        "targetIdx": 47,
        "weight": 16,
        "count": 1
      },
      {
        "targetIdx": 66,
        "weight": 14,
        "count": 1
      },
      {
        "targetIdx": 69,
        "weight": 19,
        "count": 1
      },
      {
        "targetIdx": 74,
        "weight": 29,
        "count": 1
      },
      {
        "targetIdx": 77,
        "weight": 28,
        "count": 1
      },
      {
        "targetIdx": 91,
        "weight": 30,
        "count": 1
      }
    ]
  },
  {
    "position": {
      "X": 0.36967629663950075,
      "Y": 0.46244429262449716
    },
    "edgeList": [
      {
        "targetIdx": 22,
        "weight": 13,
        "count": 1
      },
      {
        "targetIdx": 23,
        "weight": 18,
        "count": 1
      },
      {
        "targetIdx": 44,
        "weight": 21,
        "count": 1
      },
      {
        "targetIdx": 46,
        "weight": 16,
        "count": 1
      },
      {
        "targetIdx": 56,
        "weight": 12,
        "count": 1
      },
      {
        "targetIdx": 57,
        "weight": 17,
        "count": 1
      },
      {
        "targetIdx": 63,
        "weight": 26,
        "count": 1
      },
      {
        "targetIdx": 68,
        "weight": 24,
        "count": 1
      }
    ]
  },
  {
    "position": {
      "X": 0.6888114298570432,
      "Y": 0.11171603256526086
    },
    "edgeList": [
      {
        "targetIdx": 0,
        "weight": 17,
        "count": 1
      },
      {
        "targetIdx": 9,
        "weight": 19,
        "count": 1
      },
      {
        "targetIdx": 17,
        "weight": 11,
        "count": 1
      },
      {
        "targetIdx": 30,
        "weight": 12,
        "count": 1
      },
      {
        "targetIdx": 34,
        "weight": 10,
        "count": 1
      },
      {
        "targetIdx": 37,
        "weight": 21,
        "count": 1
      },
      {
        "targetIdx": 42,
        "weight": 12,
        "count": 1
      },
      {
        "targetIdx": 53,
        "weight": 11,
        "count": 1
      },
      {
        "targetIdx": 64,
        "weight": 20,
        "count": 1
      },
      {
        "targetIdx": 71,
        "weight": 16,
        "count": 1
      }
    ]
  },
  {
    "position": {
      "X": 0.5977730777871938,
      "Y": 0.6123580661572825
    },
    "edgeList": [
      {
        "targetIdx": 0,
        "weight": 16,
        "count": 1
      },
      {
        "targetIdx": 1,
        "weight": 15,
        "count": 1
      },
      {
        "targetIdx": 8,
        "weight": 18,
        "count": 1
      },
      {
        "targetIdx": 17,
        "weight": 23,
        "count": 1
      },
      {
        "targetIdx": 56,
        "weight": 22,
        "count": 1
      },
      {
        "targetIdx": 67,
        "weight": 29,
        "count": 1
      },
      {
        "targetIdx": 69,
        "weight": 25,
        "count": 1
      },
      {
        "targetIdx": 73,
        "weight": 30,
        "count": 1
      },
      {
        "targetIdx": 97,
        "weight": 23,
        "count": 1
      }
    ]
  },
  {
    "position": {
      "X": 0.22371171710798965,
      "Y": 0.4483778965178614
    },
    "edgeList": [
      {
        "targetIdx": 18,
        "weight": 12,
        "count": 1
      },
      {
        "targetIdx": 67,
        "weight": 22,
        "count": 1
      },
      {
        "targetIdx": 83,
        "weight": 29,
        "count": 1
      },
      {
        "targetIdx": 91,
        "weight": 19,
        "count": 1
      },
      {
        "targetIdx": 99,
        "weight": 28,
        "count": 1
      }
    ]
  },
  {
    "position": {
      "X": 0.2480730485879269,
      "Y": 0.06424306938581581
    },
    "edgeList": [
      {
        "targetIdx": 9,
        "weight": 17,
        "count": 1
      },
      {
        "targetIdx": 18,
        "weight": 23,
        "count": 1
      },
      {
        "targetIdx": 61,
        "weight": 27,
        "count": 1
      },
      {
        "targetIdx": 66,
        "weight": 19,
        "count": 1
      },
      {
        "targetIdx": 71,
        "weight": 30,
        "count": 1
      },
      {
        "targetIdx": 80,
        "weight": 19,
        "count": 1
      },
      {
        "targetIdx": 95,
        "weight": 20,
        "count": 1
      }
    ]
  },
  {
    "position": {
      "X": 0.48704349434383587,
      "Y": 0.6971156397615903
    },
    "edgeList": [
      {
        "targetIdx": 2,
        "weight": 19,
        "count": 1
      },
      {
        "targetIdx": 5,
        "weight": 11,
        "count": 1
      },
      {
        "targetIdx": 7,
        "weight": 22,
        "count": 1
      },
      {
        "targetIdx": 23,
        "weight": 28,
        "count": 1
      },
      {
        "targetIdx": 38,
        "weight": 21,
        "count": 1
      },
      {
        "targetIdx": 42,
        "weight": 12,
        "count": 1
      },
      {
        "targetIdx": 65,
        "weight": 10,
        "count": 1
      },
      {
        "targetIdx": 67,
        "weight": 29,
        "count": 1
      },
      {
        "targetIdx": 90,
        "weight": 30,
        "count": 1
      },
      {
        "targetIdx": 99,
        "weight": 21,
        "count": 1
      }
    ]
  },
  {
    "position": {
      "X": 0.13681250065139827,
      "Y": 0.004565896739918918
    },
    "edgeList": [
      {
        "targetIdx": 19,
        "weight": 28,
        "count": 1
      },
      {
        "targetIdx": 45,
        "weight": 20,
        "count": 1
      },
      {
        "targetIdx": 48,
        "weight": 11,
        "count": 1
      },
      {
        "targetIdx": 54,
        "weight": 11,
        "count": 1
      },
      {
        "targetIdx": 71,
        "weight": 12,
        "count": 1
      },
      {
        "targetIdx": 91,
        "weight": 15,
        "count": 1
      }
    ]
  },
  {
    "position": {
      "X": 0.6899287359535856,
      "Y": 0.47326460725551134
    },
    "edgeList": [
      {
        "targetIdx": 6,
        "weight": 24,
        "count": 1
      },
      {
        "targetIdx": 22,
        "weight": 23,
        "count": 1
      },
      {
        "targetIdx": 25,
        "weight": 28,
        "count": 1
      },
      {
        "targetIdx": 32,
        "weight": 16,
        "count": 1
      },
      {
        "targetIdx": 44,
        "weight": 28,
        "count": 1
      },
      {
        "targetIdx": 53,
        "weight": 11,
        "count": 1
      },
      {
        "targetIdx": 60,
        "weight": 30,
        "count": 1
      },
      {
        "targetIdx": 79,
        "weight": 28,
        "count": 1
      }
    ]
  },
  {
    "position": {
      "X": 0.9831373437943112,
      "Y": 0.022577556423717948
    },
    "edgeList": [
      {
        "targetIdx": 31,
        "weight": 14,
        "count": 1
      },
      {
        "targetIdx": 39,
        "weight": 15,
        "count": 1
      }
    ]
  },
  {
    "position": {
      "X": 0.35126355692693345,
      "Y": 0.555125610049172
    },
    "edgeList": [
      {
        "targetIdx": 4,
        "weight": 10,
        "count": 1
      },
      {
        "targetIdx": 18,
        "weight": 22,
        "count": 1
      },
      {
        "targetIdx": 38,
        "weight": 26,
        "count": 1
      },
      {
        "targetIdx": 41,
        "weight": 22,
        "count": 1
      },
      {
        "targetIdx": 47,
        "weight": 12,
        "count": 1
      },
      {
        "targetIdx": 49,
        "weight": 22,
        "count": 1
      },
      {
        "targetIdx": 74,
        "weight": 26,
        "count": 1
      },
      {
        "targetIdx": 91,
        "weight": 14,
        "count": 1
      },
      {
        "targetIdx": 95,
        "weight": 26,
        "count": 1
      }
    ]
  },
  {
    "position": {
      "X": 0.9809755112378644,
      "Y": 0.007486540285966958
    },
    "edgeList": [
      {
        "targetIdx": 41,
        "weight": 19,
        "count": 1
      },
      {
        "targetIdx": 45,
        "weight": 13,
        "count": 1
      },
      {
        "targetIdx": 47,
        "weight": 17,
        "count": 1
      }
    ]
  },
  {
    "position": {
      "X": 0.41626659782861364,
      "Y": 0.4395297846555596
    },
    "edgeList": [
      {
        "targetIdx": 2,
        "weight": 22,
        "count": 1
      },
      {
        "targetIdx": 36,
        "weight": 16,
        "count": 1
      },
      {
        "targetIdx": 38,
        "weight": 18,
        "count": 1
      },
      {
        "targetIdx": 78,
        "weight": 16,
        "count": 1
      },
      {
        "targetIdx": 80,
        "weight": 16,
        "count": 1
      },
      {
        "targetIdx": 81,
        "weight": 21,
        "count": 1
      },
      {
        "targetIdx": 91,
        "weight": 29,
        "count": 1
      },
      {
        "targetIdx": 92,
        "weight": 11,
        "count": 1
      }
    ]
  },
  {
    "position": {
      "X": 0.8422114779619874,
      "Y": 0.940795345296383
    },
    "edgeList": [
      {
        "targetIdx": 5,
        "weight": 16,
        "count": 1
      },
      {
        "targetIdx": 6,
        "weight": 23,
        "count": 1
      },
      {
        "targetIdx": 9,
        "weight": 14,
        "count": 1
      },
      {
        "targetIdx": 12,
        "weight": 26,
        "count": 1
      },
      {
        "targetIdx": 60,
        "weight": 27,
        "count": 1
      },
      {
        "targetIdx": 62,
        "weight": 22,
        "count": 1
      },
      {
        "targetIdx": 83,
        "weight": 27,
        "count": 1
      },
      {
        "targetIdx": 84,
        "weight": 20,
        "count": 1
      },
      {
        "targetIdx": 88,
        "weight": 28,
        "count": 1
      }
    ]
  },
  {
    "position": {
      "X": 0.7272350035465027,
      "Y": 0.8479413713931229
    },
    "edgeList": [
      {
        "targetIdx": 54,
        "weight": 30,
        "count": 1
      },
      {
        "targetIdx": 59,
        "weight": 27,
        "count": 1
      },
      {
        "targetIdx": 70,
        "weight": 26,
        "count": 1
      },
      {
        "targetIdx": 84,
        "weight": 13,
        "count": 1
      },
      {
        "targetIdx": 94,
        "weight": 17,
        "count": 1
      }
    ]
  },
  {
    "position": {
      "X": 0.374580071976107,
      "Y": 0.07601668873353218
    },
    "edgeList": [
      {
        "targetIdx": 12,
        "weight": 30,
        "count": 1
      },
      {
        "targetIdx": 14,
        "weight": 10,
        "count": 1
      },
      {
        "targetIdx": 51,
        "weight": 27,
        "count": 1
      },
      {
        "targetIdx": 71,
        "weight": 23,
        "count": 1
      },
      {
        "targetIdx": 92,
        "weight": 20,
        "count": 1
      }
    ]
  },
  {
    "position": {
      "X": 0.645333243222915,
      "Y": 0.9637515784799748
    },
    "edgeList": [
      {
        "targetIdx": 5,
        "weight": 26,
        "count": 1
      },
      {
        "targetIdx": 21,
        "weight": 23,
        "count": 1
      },
      {
        "targetIdx": 23,
        "weight": 10,
        "count": 1
      },
      {
        "targetIdx": 36,
        "weight": 12,
        "count": 1
      },
      {
        "targetIdx": 39,
        "weight": 28,
        "count": 1
      },
      {
        "targetIdx": 42,
        "weight": 15,
        "count": 1
      },
      {
        "targetIdx": 59,
        "weight": 22,
        "count": 1
      },
      {
        "targetIdx": 70,
        "weight": 29,
        "count": 1
      },
      {
        "targetIdx": 79,
        "weight": 18,
        "count": 1
      },
      {
        "targetIdx": 92,
        "weight": 16,
        "count": 1
      },
      {
        "targetIdx": 96,
        "weight": 27,
        "count": 1
      }
    ]
  },
  {
    "position": {
      "X": 0.04088071712330543,
      "Y": 0.2768651234207117
    },
    "edgeList": [
      {
        "targetIdx": 3,
        "weight": 18,
        "count": 1
      },
      {
        "targetIdx": 8,
        "weight": 29,
        "count": 1
      },
      {
        "targetIdx": 18,
        "weight": 29,
        "count": 1
      },
      {
        "targetIdx": 20,
        "weight": 13,
        "count": 1
      },
      {
        "targetIdx": 36,
        "weight": 17,
        "count": 1
      },
      {
        "targetIdx": 47,
        "weight": 26,
        "count": 1
      },
      {
        "targetIdx": 66,
        "weight": 10,
        "count": 1
      },
      {
        "targetIdx": 69,
        "weight": 25,
        "count": 1
      },
      {
        "targetIdx": 92,
        "weight": 21,
        "count": 1
      }
    ]
  },
  {
    "position": {
      "X": 0.7315907784396324,
      "Y": 0.08900219024198563
    },
    "edgeList": [
      {
        "targetIdx": 4,
        "weight": 23,
        "count": 1
      },
      {
        "targetIdx": 17,
        "weight": 28,
        "count": 1
      },
      {
        "targetIdx": 21,
        "weight": 28,
        "count": 1
      },
      {
        "targetIdx": 24,
        "weight": 18,
        "count": 1
      },
      {
        "targetIdx": 43,
        "weight": 18,
        "count": 1
      },
      {
        "targetIdx": 48,
        "weight": 20,
        "count": 1
      },
      {
        "targetIdx": 72,
        "weight": 14,
        "count": 1
      },
      {
        "targetIdx": 75,
        "weight": 24,
        "count": 1
      }
    ]
  },
  {
    "position": {
      "X": 0.05981379292318034,
      "Y": 0.47670640337491466
    },
    "edgeList": [
      {
        "targetIdx": 26,
        "weight": 27,
        "count": 1
      },
      {
        "targetIdx": 45,
        "weight": 17,
        "count": 1
      },
      {
        "targetIdx": 52,
        "weight": 10,
        "count": 1
      },
      {
        "targetIdx": 68,
        "weight": 11,
        "count": 1
      },
      {
        "targetIdx": 69,
        "weight": 23,
        "count": 1
      },
      {
        "targetIdx": 91,
        "weight": 11,
        "count": 1
      }
    ]
  },
  {
    "position": {
      "X": 0.09127053129956131,
      "Y": 0.514954756622609
    },
    "edgeList": [
      {
        "targetIdx": 7,
        "weight": 11,
        "count": 1
      },
      {
        "targetIdx": 17,
        "weight": 29,
        "count": 1
      },
      {
        "targetIdx": 20,
        "weight": 24,
        "count": 1
      },
      {
        "targetIdx": 23,
        "weight": 25,
        "count": 1
      },
      {
        "targetIdx": 27,
        "weight": 19,
        "count": 1
      },
      {
        "targetIdx": 33,
        "weight": 28,
        "count": 1
      },
      {
        "targetIdx": 45,
        "weight": 19,
        "count": 1
      },
      {
        "targetIdx": 46,
        "weight": 14,
        "count": 1
      },
      {
        "targetIdx": 51,
        "weight": 19,
        "count": 1
      },
      {
        "targetIdx": 63,
        "weight": 10,
        "count": 1
      },
      {
        "targetIdx": 69,
        "weight": 15,
        "count": 1
      }
    ]
  },
  {
    "position": {
      "X": 0.40735813688678046,
      "Y": 0.4742660188457155
    },
    "edgeList": [
      {
        "targetIdx": 2,
        "weight": 13,
        "count": 1
      },
      {
        "targetIdx": 19,
        "weight": 18,
        "count": 1
      },
      {
        "targetIdx": 42,
        "weight": 22,
        "count": 1
      },
      {
        "targetIdx": 43,
        "weight": 25,
        "count": 1
      },
      {
        "targetIdx": 49,
        "weight": 29,
        "count": 1
      },
      {
        "targetIdx": 50,
        "weight": 22,
        "count": 1
      },
      {
        "targetIdx": 52,
        "weight": 29,
        "count": 1
      },
      {
        "targetIdx": 76,
        "weight": 27,
        "count": 1
      }
    ]
  },
  {
    "position": {
      "X": 0.7960357384513168,
      "Y": 0.5090972896197921
    },
    "edgeList": [
      {
        "targetIdx": 39,
        "weight": 15,
        "count": 1
      },
      {
        "targetIdx": 43,
        "weight": 28,
        "count": 1
      },
      {
        "targetIdx": 47,
        "weight": 24,
        "count": 1
      },
      {
        "targetIdx": 65,
        "weight": 11,
        "count": 1
      },
      {
        "targetIdx": 86,
        "weight": 13,
        "count": 1
      },
      {
        "targetIdx": 87,
        "weight": 18,
        "count": 1
      }
    ]
  },
  {
    "position": {
      "X": 0.17631761999686824,
      "Y": 0.46759485030326386
    },
    "edgeList": [
      {
        "targetIdx": 8,
        "weight": 25,
        "count": 1
      },
      {
        "targetIdx": 10,
        "weight": 14,
        "count": 1
      },
      {
        "targetIdx": 24,
        "weight": 13,
        "count": 1
      },
      {
        "targetIdx": 43,
        "weight": 12,
        "count": 1
      },
      {
        "targetIdx": 44,
        "weight": 30,
        "count": 1
      },
      {
        "targetIdx": 46,
        "weight": 19,
        "count": 1
      },
      {
        "targetIdx": 49,
        "weight": 25,
        "count": 1
      },
      {
        "targetIdx": 63,
        "weight": 25,
        "count": 1
      },
      {
        "targetIdx": 65,
        "weight": 23,
        "count": 1
      },
      {
        "targetIdx": 66,
        "weight": 15,
        "count": 1
      },
      {
        "targetIdx": 91,
        "weight": 24,
        "count": 1
      }
    ]
  },
  {
    "position": {
      "X": 0.7439393925348522,
      "Y": 0.8688482210501586
    },
    "edgeList": [
      {
        "targetIdx": 5,
        "weight": 24,
        "count": 1
      },
      {
        "targetIdx": 6,
        "weight": 30,
        "count": 1
      },
      {
        "targetIdx": 18,
        "weight": 11,
        "count": 1
      },
      {
        "targetIdx": 60,
        "weight": 26,
        "count": 1
      },
      {
        "targetIdx": 62,
        "weight": 29,
        "count": 1
      },
      {
        "targetIdx": 84,
        "weight": 25,
        "count": 1
      },
      {
        "targetIdx": 98,
        "weight": 15,
        "count": 1
      }
    ]
  },
  {
    "position": {
      "X": 0.28819965873962017,
      "Y": 0.06496278189031457
    },
    "edgeList": [
      {
        "targetIdx": 2,
        "weight": 17,
        "count": 1
      },
      {
        "targetIdx": 4,
        "weight": 16,
        "count": 1
      },
      {
        "targetIdx": 25,
        "weight": 20,
        "count": 1
      },
      {
        "targetIdx": 35,
        "weight": 30,
        "count": 1
      },
      {
        "targetIdx": 48,
        "weight": 16,
        "count": 1
      },
      {
        "targetIdx": 51,
        "weight": 30,
        "count": 1
      },
      {
        "targetIdx": 53,
        "weight": 12,
        "count": 1
      },
      {
        "targetIdx": 61,
        "weight": 23,
        "count": 1
      },
      {
        "targetIdx": 73,
        "weight": 30,
        "count": 1
      },
      {
        "targetIdx": 81,
        "weight": 30,
        "count": 1
      }
    ]
  },
  {
    "position": {
      "X": 0.8841516040081867,
      "Y": 0.7260762728944891
    },
    "edgeList": [
      {
        "targetIdx": 22,
        "weight": 15,
        "count": 1
      },
      {
        "targetIdx": 24,
        "weight": 10,
        "count": 1
      },
      {
        "targetIdx": 28,
        "weight": 21,
        "count": 1
      },
      {
        "targetIdx": 40,
        "weight": 22,
        "count": 1
      },
      {
        "targetIdx": 64,
        "weight": 14,
        "count": 1
      },
      {
        "targetIdx": 98,
        "weight": 15,
        "count": 1
      }
    ]
  },
  {
    "position": {
      "X": 0.694403014852454,
      "Y": 0.07750187319569446
    },
    "edgeList": [
      {
        "targetIdx": 6,
        "weight": 28,
        "count": 1
      },
      {
        "targetIdx": 12,
        "weight": 17,
        "count": 1
      },
      {
        "targetIdx": 17,
        "weight": 11,
        "count": 1
      },
      {
        "targetIdx": 30,
        "weight": 20,
        "count": 1
      },
      {
        "targetIdx": 37,
        "weight": 21,
        "count": 1
      },
      {
        "targetIdx": 43,
        "weight": 13,
        "count": 1
      },
      {
        "targetIdx": 49,
        "weight": 30,
        "count": 1
      },
      {
        "targetIdx": 71,
        "weight": 30,
        "count": 1
      },
      {
        "targetIdx": 75,
        "weight": 25,
        "count": 1
      }
    ]
  },
  {
    "position": {
      "X": 0.15662152630562298,
      "Y": 0.6390168809498573
    },
    "edgeList": [
      {
        "targetIdx": 8,
        "weight": 26,
        "count": 1
      },
      {
        "targetIdx": 20,
        "weight": 22,
        "count": 1
      },
      {
        "targetIdx": 46,
        "weight": 29,
        "count": 1
      },
      {
        "targetIdx": 56,
        "weight": 26,
        "count": 1
      },
      {
        "targetIdx": 89,
        "weight": 10,
        "count": 1
      }
    ]
  },
  {
    "position": {
      "X": 0.887931340243952,
      "Y": 0.14837300783471097
    },
    "edgeList": [
      {
        "targetIdx": 6,
        "weight": 20,
        "count": 1
      },
      {
        "targetIdx": 9,
        "weight": 10,
        "count": 1
      },
      {
        "targetIdx": 33,
        "weight": 19,
        "count": 1
      },
      {
        "targetIdx": 37,
        "weight": 18,
        "count": 1
      },
      {
        "targetIdx": 43,
        "weight": 11,
        "count": 1
      },
      {
        "targetIdx": 64,
        "weight": 24,
        "count": 1
      },
      {
        "targetIdx": 73,
        "weight": 25,
        "count": 1
      }
    ]
  },
  {
    "position": {
      "X": 0.5272303459228117,
      "Y": 0.3890369889395793
    },
    "edgeList": [
      {
        "targetIdx": 2,
        "weight": 10,
        "count": 1
      },
      {
        "targetIdx": 67,
        "weight": 27,
        "count": 1
      },
      {
        "targetIdx": 91,
        "weight": 24,
        "count": 1
      },
      {
        "targetIdx": 95,
        "weight": 11,
        "count": 1
      },
      {
        "targetIdx": 97,
        "weight": 29,
        "count": 1
      },
      {
        "targetIdx": 99,
        "weight": 23,
        "count": 1
      }
    ]
  },
  {
    "position": {
      "X": 0.34177481139424826,
      "Y": 0.8676348643594364
    },
    "edgeList": [
      {
        "targetIdx": 26,
        "weight": 23,
        "count": 1
      },
      {
        "targetIdx": 33,
        "weight": 23,
        "count": 1
      },
      {
        "targetIdx": 38,
        "weight": 29,
        "count": 1
      },
      {
        "targetIdx": 46,
        "weight": 28,
        "count": 1
      },
      {
        "targetIdx": 91,
        "weight": 11,
        "count": 1
      },
      {
        "targetIdx": 96,
        "weight": 19,
        "count": 1
      }
    ]
  },
  {
    "position": {
      "X": 0.8230827945199295,
      "Y": 0.0850507736050905
    },
    "edgeList": [
      {
        "targetIdx": 0,
        "weight": 16,
        "count": 1
      },
      {
        "targetIdx": 30,
        "weight": 11,
        "count": 1
      },
      {
        "targetIdx": 58,
        "weight": 16,
        "count": 1
      },
      {
        "targetIdx": 84,
        "weight": 29,
        "count": 1
      }
    ]
  },
  {
    "position": {
      "X": 0.8723557214371016,
      "Y": 0.5955512866036458
    },
    "edgeList": [
      {
        "targetIdx": 15,
        "weight": 29,
        "count": 1
      },
      {
        "targetIdx": 16,
        "weight": 17,
        "count": 1
      },
      {
        "targetIdx": 21,
        "weight": 14,
        "count": 1
      },
      {
        "targetIdx": 31,
        "weight": 28,
        "count": 1
      },
      {
        "targetIdx": 39,
        "weight": 26,
        "count": 1
      },
      {
        "targetIdx": 54,
        "weight": 28,
        "count": 1
      },
      {
        "targetIdx": 62,
        "weight": 18,
        "count": 1
      },
      {
        "targetIdx": 83,
        "weight": 30,
        "count": 1
      },
      {
        "targetIdx": 98,
        "weight": 12,
        "count": 1
      }
    ]
  },
  {
    "position": {
      "X": 0.19779209170250023,
      "Y": 0.9435373514608557
    },
    "edgeList": [
      {
        "targetIdx": 10,
        "weight": 23,
        "count": 1
      },
      {
        "targetIdx": 51,
        "weight": 19,
        "count": 1
      },
      {
        "targetIdx": 58,
        "weight": 16,
        "count": 1
      },
      {
        "targetIdx": 90,
        "weight": 23,
        "count": 1
      }
    ]
  },
  {
    "position": {
      "X": 0.3578030562395462,
      "Y": 0.6661992331361388
    },
    "edgeList": [
      {
        "targetIdx": 2,
        "weight": 21,
        "count": 1
      },
      {
        "targetIdx": 21,
        "weight": 11,
        "count": 1
      },
      {
        "targetIdx": 26,
        "weight": 19,
        "count": 1
      },
      {
        "targetIdx": 58,
        "weight": 21,
        "count": 1
      },
      {
        "targetIdx": 71,
        "weight": 30,
        "count": 1
      }
    ]
  },
  {
    "position": {
      "X": 0.05767074113881743,
      "Y": 0.4706391072772147
    },
    "edgeList": [
      {
        "targetIdx": 17,
        "weight": 23,
        "count": 1
      },
      {
        "targetIdx": 37,
        "weight": 12,
        "count": 1
      },
      {
        "targetIdx": 89,
        "weight": 25,
        "count": 1
      },
      {
        "targetIdx": 95,
        "weight": 25,
        "count": 1
      },
      {
        "targetIdx": 99,
        "weight": 17,
        "count": 1
      }
    ]
  },
  {
    "position": {
      "X": 0.5472200680462794,
      "Y": 0.8060274490520372
    },
    "edgeList": [
      {
        "targetIdx": 1,
        "weight": 12,
        "count": 1
      },
      {
        "targetIdx": 7,
        "weight": 19,
        "count": 1
      },
      {
        "targetIdx": 13,
        "weight": 13,
        "count": 1
      },
      {
        "targetIdx": 21,
        "weight": 13,
        "count": 1
      },
      {
        "targetIdx": 32,
        "weight": 14,
        "count": 1
      },
      {
        "targetIdx": 38,
        "weight": 27,
        "count": 1
      },
      {
        "targetIdx": 44,
        "weight": 16,
        "count": 1
      },
      {
        "targetIdx": 50,
        "weight": 29,
        "count": 1
      },
      {
        "targetIdx": 59,
        "weight": 27,
        "count": 1
      },
      {
        "targetIdx": 79,
        "weight": 30,
        "count": 1
      }
    ]
  },
  {
    "position": {
      "X": 0.9337936357594278,
      "Y": 0.8292875629678771
    },
    "edgeList": [
      {
        "targetIdx": 5,
        "weight": 25,
        "count": 1
      },
      {
        "targetIdx": 16,
        "weight": 10,
        "count": 1
      },
      {
        "targetIdx": 40,
        "weight": 28,
        "count": 1
      },
      {
        "targetIdx": 59,
        "weight": 20,
        "count": 1
      },
      {
        "targetIdx": 60,
        "weight": 13,
        "count": 1
      },
      {
        "targetIdx": 70,
        "weight": 25,
        "count": 1
      },
      {
        "targetIdx": 78,
        "weight": 29,
        "count": 1
      }
    ]
  },
  {
    "position": {
      "X": 0.034748628586070196,
      "Y": 0.6196687598334452
    },
    "edgeList": [
      {
        "targetIdx": 8,
        "weight": 13,
        "count": 1
      },
      {
        "targetIdx": 20,
        "weight": 22,
        "count": 1
      },
      {
        "targetIdx": 26,
        "weight": 17,
        "count": 1
      },
      {
        "targetIdx": 97,
        "weight": 16,
        "count": 1
      }
    ]
  },
  {
    "position": {
      "X": 0.5627027749000122,
      "Y": 0.4030475695521538
    },
    "edgeList": [
      {
        "targetIdx": 14,
        "weight": 12,
        "count": 1
      },
      {
        "targetIdx": 17,
        "weight": 22,
        "count": 1
      },
      {
        "targetIdx": 31,
        "weight": 19,
        "count": 1
      },
      {
        "targetIdx": 32,
        "weight": 24,
        "count": 1
      },
      {
        "targetIdx": 42,
        "weight": 10,
        "count": 1
      },
      {
        "targetIdx": 68,
        "weight": 13,
        "count": 1
      },
      {
        "targetIdx": 90,
        "weight": 18,
        "count": 1
      },
      {
        "targetIdx": 92,
        "weight": 27,
        "count": 1
      }
    ]
  },
  {
    "position": {
      "X": 0.7212579085731631,
      "Y": 0.2762459713396316
    },
    "edgeList": [
      {
        "targetIdx": 0,
        "weight": 12,
        "count": 1
      },
      {
        "targetIdx": 2,
        "weight": 19,
        "count": 1
      },
      {
        "targetIdx": 10,
        "weight": 15,
        "count": 1
      },
      {
        "targetIdx": 17,
        "weight": 18,
        "count": 1
      },
      {
        "targetIdx": 24,
        "weight": 24,
        "count": 1
      },
      {
        "targetIdx": 35,
        "weight": 23,
        "count": 1
      },
      {
        "targetIdx": 42,
        "weight": 14,
        "count": 1
      },
      {
        "targetIdx": 68,
        "weight": 18,
        "count": 1
      }
    ]
  },
  {
    "position": {
      "X": 0.3854441303151822,
      "Y": 0.913440860233856
    },
    "edgeList": [
      {
        "targetIdx": 0,
        "weight": 25,
        "count": 1
      },
      {
        "targetIdx": 10,
        "weight": 20,
        "count": 1
      },
      {
        "targetIdx": 27,
        "weight": 21,
        "count": 1
      },
      {
        "targetIdx": 38,
        "weight": 26,
        "count": 1
      },
      {
        "targetIdx": 59,
        "weight": 28,
        "count": 1
      }
    ]
  },
  {
    "position": {
      "X": 0.07128664916803029,
      "Y": 0.8231925317311617
    },
    "edgeList": [
      {
        "targetIdx": 1,
        "weight": 18,
        "count": 1
      },
      {
        "targetIdx": 20,
        "weight": 11,
        "count": 1
      },
      {
        "targetIdx": 74,
        "weight": 10,
        "count": 1
      },
      {
        "targetIdx": 82,
        "weight": 25,
        "count": 1
      }
    ]
  },
  {
    "position": {
      "X": 0.6911595076372675,
      "Y": 0.4788013956588858
    },
    "edgeList": [
      {
        "targetIdx": 0,
        "weight": 30,
        "count": 1
      },
      {
        "targetIdx": 52,
        "weight": 30,
        "count": 1
      },
      {
        "targetIdx": 80,
        "weight": 23,
        "count": 1
      },
      {
        "targetIdx": 86,
        "weight": 18,
        "count": 1
      }
    ]
  },
  {
    "position": {
      "X": 0.19259218816715273,
      "Y": 0.6493543427457207
    },
    "edgeList": [
      {
        "targetIdx": 23,
        "weight": 16,
        "count": 1
      },
      {
        "targetIdx": 46,
        "weight": 30,
        "count": 1
      },
      {
        "targetIdx": 50,
        "weight": 19,
        "count": 1
      },
      {
        "targetIdx": 53,
        "weight": 15,
        "count": 1
      },
      {
        "targetIdx": 56,
        "weight": 14,
        "count": 1
      },
      {
        "targetIdx": 58,
        "weight": 29,
        "count": 1
      },
      {
        "targetIdx": 65,
        "weight": 11,
        "count": 1
      },
      {
        "targetIdx": 69,
        "weight": 24,
        "count": 1
      },
      {
        "targetIdx": 76,
        "weight": 24,
        "count": 1
      },
      {
        "targetIdx": 77,
        "weight": 11,
        "count": 1
      },
      {
        "targetIdx": 94,
        "weight": 24,
        "count": 1
      }
    ]
  },
  {
    "position": {
      "X": 0.647144161030001,
      "Y": 0.490775588968676
    },
    "edgeList": [
      {
        "targetIdx": 8,
        "weight": 24,
        "count": 1
      },
      {
        "targetIdx": 26,
        "weight": 11,
        "count": 1
      },
      {
        "targetIdx": 32,
        "weight": 11,
        "count": 1
      },
      {
        "targetIdx": 58,
        "weight": 11,
        "count": 1
      },
      {
        "targetIdx": 61,
        "weight": 20,
        "count": 1
      },
      {
        "targetIdx": 62,
        "weight": 16,
        "count": 1
      },
      {
        "targetIdx": 63,
        "weight": 21,
        "count": 1
      },
      {
        "targetIdx": 86,
        "weight": 27,
        "count": 1
      }
    ]
  },
  {
    "position": {
      "X": 0.3764447583506533,
      "Y": 0.14993972834481473
    },
    "edgeList": [
      {
        "targetIdx": 2,
        "weight": 19,
        "count": 1
      },
      {
        "targetIdx": 9,
        "weight": 11,
        "count": 1
      },
      {
        "targetIdx": 34,
        "weight": 23,
        "count": 1
      }
    ]
  },
  {
    "position": {
      "X": 0.9974286106992339,
      "Y": 0.862019167250349
    },
    "edgeList": [
      {
        "targetIdx": 13,
        "weight": 15,
        "count": 1
      },
      {
        "targetIdx": 16,
        "weight": 16,
        "count": 1
      },
      {
        "targetIdx": 26,
        "weight": 14,
        "count": 1
      },
      {
        "targetIdx": 60,
        "weight": 17,
        "count": 1
      },
      {
        "targetIdx": 91,
        "weight": 24,
        "count": 1
      }
    ]
  },
  {
    "position": {
      "X": 0.1621872363269593,
      "Y": 0.25204386184910466
    },
    "edgeList": [
      {
        "targetIdx": 3,
        "weight": 23,
        "count": 1
      },
      {
        "targetIdx": 4,
        "weight": 28,
        "count": 1
      },
      {
        "targetIdx": 11,
        "weight": 27,
        "count": 1
      },
      {
        "targetIdx": 13,
        "weight": 27,
        "count": 1
      },
      {
        "targetIdx": 17,
        "weight": 18,
        "count": 1
      },
      {
        "targetIdx": 32,
        "weight": 15,
        "count": 1
      },
      {
        "targetIdx": 34,
        "weight": 19,
        "count": 1
      },
      {
        "targetIdx": 41,
        "weight": 10,
        "count": 1
      },
      {
        "targetIdx": 51,
        "weight": 20,
        "count": 1
      },
      {
        "targetIdx": 56,
        "weight": 26,
        "count": 1
      },
      {
        "targetIdx": 76,
        "weight": 11,
        "count": 1
      },
      {
        "targetIdx": 82,
        "weight": 25,
        "count": 1
      }
    ]
  },
  {
    "position": {
      "X": 0.6338202936594186,
      "Y": 0.9933168115875856
    },
    "edgeList": [
      {
        "targetIdx": 5,
        "weight": 23,
        "count": 1
      },
      {
        "targetIdx": 7,
        "weight": 14,
        "count": 1
      },
      {
        "targetIdx": 62,
        "weight": 27,
        "count": 1
      },
      {
        "targetIdx": 77,
        "weight": 19,
        "count": 1
      }
    ]
  },
  {
    "position": {
      "X": 0.37915225357322924,
      "Y": 0.9873193804293657
    },
    "edgeList": [
      {
        "targetIdx": 12,
        "weight": 25,
        "count": 1
      },
      {
        "targetIdx": 16,
        "weight": 16,
        "count": 1
      },
      {
        "targetIdx": 44,
        "weight": 28,
        "count": 1
      },
      {
        "targetIdx": 49,
        "weight": 23,
        "count": 1
      },
      {
        "targetIdx": 76,
        "weight": 29,
        "count": 1
      },
      {
        "targetIdx": 85,
        "weight": 16,
        "count": 1
      }
    ]
  },
  {
    "position": {
      "X": 0.9178645517292203,
      "Y": 0.6530628040961611
    },
    "edgeList": [
      {
        "targetIdx": 15,
        "weight": 20,
        "count": 1
      },
      {
        "targetIdx": 31,
        "weight": 12,
        "count": 1
      },
      {
        "targetIdx": 70,
        "weight": 15,
        "count": 1
      },
      {
        "targetIdx": 72,
        "weight": 15,
        "count": 1
      },
      {
        "targetIdx": 79,
        "weight": 12,
        "count": 1
      }
    ]
  },
  {
    "position": {
      "X": 0.03959574353828299,
      "Y": 0.47100939587091073
    },
    "edgeList": [
      {
        "targetIdx": 34,
        "weight": 19,
        "count": 1
      },
      {
        "targetIdx": 50,
        "weight": 28,
        "count": 1
      },
      {
        "targetIdx": 52,
        "weight": 21,
        "count": 1
      },
      {
        "targetIdx": 76,
        "weight": 23,
        "count": 1
      },
      {
        "targetIdx": 82,
        "weight": 17,
        "count": 1
      }
    ]
  }
]
